order_details_id,order_id,pizza_id,quantity
1,1,pep_msh_pep_s,1
2,1,spinach_fet_m,1
3,2,five_cheese_m,1
4,3,prsc_argla_m,1
5,3,southw_ckn_l,3
6,3,southw_ckn_l,3
7,4,cali_ckn_l,1
8,5,mediterraneo_m,1
9,6,prsc_argla_l,1
10,6,spinach_supr_m,2
11,7,bbq_ckn_m,1
12,8,spinach_fet_l,1
13,8,ital_veggie_s,1
14,9,big_meat_m,1
15,10,thai_ckn_m,1
16,11,thai_ckn_m,1
17,12,hawaiian_m,2
18,12,ital_supr_s,1
19,12,pepperoni_l,2
20,13,hawaiian_m,1
21,14,sicilian_s,2
22,15,southw_ckn_m,2
23,16,hawaiian_m,1
24,17,napolitana_l,1
25,18,the_greek_s,1
26,19,four_cheese_m,1
27,19,thai_ckn_l,1
28,20,calabrese_m,1
29,20,prsc_argla_m,2
30,20,cali_ckn_m,1
31,21,prsc_argla_l,1
32,21,thai_ckn_m,1
33,22,cali_ckn_l,1
34,22,spinach_fet_m,1
35,22,spinach_fet_l,3
36,23,green_garden_m,1
37,24,hawaiian_m,2
38,25,ckn_pesto_s,3
39,26,spicy_ital_m,1
40,26,pepperoni_l,1
41,26,ckn_pesto_l,1
42,27,brie_carre_s,2
43,28,bbq_ckn_l,1
44,29,mexicana_l,1
45,29,classic_dlx_m,1
46,30,soppressata_l,1
47,31,hawaiian_l,1
48,31,calabrese_l,1
49,31,ital_supr_l,2
50,32,thai_ckn_m,3
51,33,spinach_fet_l,1
52,34,four_cheese_m,1
53,34,spin_pesto_l,2
54,35,mexicana_m,1
55,35,prsc_argla_m,2
56,36,spin_pesto_m,2
57,37,ckn_alfredo_l,1
58,38,thai_ckn_l,1
59,39,cali_ckn_m,1
60,40,ital_cpcllo_m,1
61,40,pep_msh_pep_m,1
62,40,classic_dlx_l,1
63,41,ital_veggie_s,1
64,41,napolitana_m,1
65,42,hawaiian_s,2
66,43,ital_supr_m,1
67,44,southw_ckn_m,1
68,45,green_garden_s,2
69,45,ckn_alfredo_m,1
70,46,veggie_veg_m,1
71,46,four_cheese_m,1
72,46,thai_ckn_l,1
73,47,bbq_ckn_m,1
74,47,green_garden_m,2
75,48,spinach_supr_m,1
76,49,five_cheese_m,1
77,50,four_cheese_m,1
78,51,ckn_alfredo_m,2
79,52,napolitana_m,2
80,53,ckn_pesto_l,1
81,54,mediterraneo_m,1
82,54,sicilian_m,1
83,55,ital_cpcllo_m,1
84,56,cali_ckn_l,2
85,56,hawaiian_l,1
86,57,ital_cpcllo_m,2
87,57,five_cheese_m,1
88,58,sicilian_l,1
89,58,mexicana_s,2
90,58,the_greek_l,3
91,59,ckn_pesto_l,1
92,60,spinach_supr_m,1
93,61,five_cheese_l,1
94,62,peppr_salami_m,1
95,62,four_cheese_m,1
96,63,brie_carre_s,2
97,64,calabrese_l,2
98,64,pepperoni_m,3
99,65,bbq_ckn_m,1
100,65,ckn_pesto_m,1
101,66,bbq_ckn_l,1
102,67,sicilian_l,1
103,68,ital_cpcllo_s,1
104,69,calabrese_m,1
105,69,mexicana_l,1
106,70,classic_dlx_m,2
107,70,pepperoni_m,1
108,71,five_cheese_l,1
109,72,big_meat_l,1
110,73,ckn_alfredo_m,1
111,73,hawaiian_m,1
112,74,southw_ckn_l,1
113,74,spin_pesto_m,1
114,75,green_garden_m,1
115,76,sicilian_l,1
116,76,mediterraneo_m,1
117,76,green_garden_s,1
118,77,thai_ckn_m,1
119,78,mexicana_m,1
120,78,ital_supr_m,2
121,79,green_garden_m,1
122,79,mexicana_m,1
123,80,ital_cpcllo_s,1
124,80,ckn_pesto_m,1
125,81,big_meat_m,1
126,82,pepperoni_m,1
127,83,green_garden_m,2
128,83,mediterraneo_s,2
129,84,bbq_ckn_m,1
130,84,calabrese_m,1
131,85,pepperoni_m,1
132,85,big_meat_m,1
133,86,ckn_pesto_l,1
134,87,ital_cpcllo_l,1
135,88,spinach_fet_s,1
136,89,ital_cpcllo_m,3
137,89,calabrese_l,2
138,90,spinach_supr_m,1
139,90,napolitana_l,1
140,91,veggie_veg_s,1
141,92,spinach_fet_l,1
142,92,classic_dlx_m,2
143,93,calabrese_s,1
144,93,hawaiian_m,1
145,94,hawaiian_m,1
146,95,bbq_ckn_l,2
147,96,sicilian_s,1
148,97,calabrese_m,2
149,97,cali_ckn_m,1
150,98,hawaiian_s,1
151,98,mexicana_l,1
152,99,classic_dlx_s,1
153,99,southw_ckn_m,1
154,100,the_greek_xxl,1
155,101,veggie_veg_m,2
156,102,classic_dlx_s,1
157,103,spicy_ital_m,3
158,103,five_cheese_l,1
159,103,big_meat_l,3
160,104,five_cheese_s,1
161,104,napolitana_l,1
162,104,sicilian_l,1
163,105,sicilian_l,1
164,105,ital_supr_m,1
165,106,ckn_alfredo_l,3
166,107,ital_veggie_m,1
167,108,ital_cpcllo_m,1
168,108,thai_ckn_m,1
169,108,cali_ckn_s,1
170,109,prsc_argla_m,1
171,110,spicy_ital_m,1
172,110,bbq_ckn_m,1
173,111,calabrese_m,1
174,112,big_meat_m,1
175,112,soppressata_m,1
176,113,thai_ckn_m,1
177,114,spicy_ital_l,3
178,114,pep_msh_pep_m,1
179,115,spin_pesto_l,2
180,116,southw_ckn_m,2
181,117,ital_cpcllo_l,1
182,118,ckn_pesto_m,1
183,119,spin_pesto_m,1
184,120,mediterraneo_l,1
185,121,classic_dlx_m,2
186,122,soppressata_l,1
187,122,green_garden_m,1
188,123,peppr_salami_s,1
189,124,ital_supr_m,1
190,124,classic_dlx_s,2
191,125,ckn_alfredo_l,1
192,126,mexicana_m,1
193,127,mexicana_m,1
194,127,sicilian_l,2
195,127,ital_cpcllo_l,1
196,128,napolitana_m,1
197,129,five_cheese_s,2
198,130,mexicana_m,1
199,131,mexicana_s,1
200,131,four_cheese_m,3
201,132,soppressata_s,2
202,133,ckn_alfredo_m,2
203,134,southw_ckn_l,1
204,135,mexicana_m,1
205,136,prsc_argla_l,1
206,137,bbq_ckn_m,2
207,138,ckn_pesto_m,1
208,139,soppressata_l,1
209,140,bbq_ckn_m,1
210,140,southw_ckn_l,1
211,141,ital_supr_l,2
212,141,spicy_ital_l,1
213,142,soppressata_m,1
214,142,big_meat_m,1
215,142,spinach_supr_m,1
216,143,big_meat_l,1
217,143,ital_cpcllo_m,1
218,144,five_cheese_m,1
219,144,soppressata_m,3
220,145,ital_veggie_l,1
221,146,soppressata_l,2
222,146,peppr_salami_m,2
223,147,ckn_alfredo_l,2
224,147,napolitana_l,1
225,147,classic_dlx_m,1
226,148,classic_dlx_m,1
227,148,veggie_veg_s,1
228,149,pep_msh_pep_l,1
229,150,mexicana_m,1
230,150,sicilian_l,1
231,151,four_cheese_l,1
232,151,calabrese_m,1
233,151,peppr_salami_l,1
234,152,brie_carre_s,1
235,153,thai_ckn_l,2
236,154,spinach_supr_l,2
237,155,hawaiian_s,1
238,155,bbq_ckn_m,3
239,155,soppressata_m,1
240,156,thai_ckn_m,1
241,157,spin_pesto_l,1
242,157,spinach_fet_m,1
243,158,spin_pesto_s,1
244,158,napolitana_l,1
245,159,bbq_ckn_m,1
246,159,spin_pesto_m,1
247,159,pepperoni_m,1
248,160,spinach_fet_l,1
249,161,spinach_fet_l,1
250,161,ital_veggie_l,1
251,162,hawaiian_m,2
252,163,pep_msh_pep_m,1
253,163,ital_veggie_l,1
254,164,ital_cpcllo_s,1
255,164,thai_ckn_m,1
256,164,peppr_salami_s,1
257,165,spin_pesto_l,1
258,166,spinach_supr_s,1
259,167,peppr_salami_m,1
260,168,ckn_pesto_s,1
261,168,sicilian_m,1
262,168,veggie_veg_m,1
263,169,southw_ckn_m,3
264,170,calabrese_l,1
265,171,mediterraneo_l,2
266,172,five_cheese_m,2
267,173,spinach_supr_s,1
268,174,spinach_supr_m,2
269,175,napolitana_m,1
270,175,hawaiian_m,1
271,176,green_garden_m,1
272,177,green_garden_m,1
273,177,mediterraneo_m,2
274,178,mexicana_l,1
275,178,calabrese_m,1
276,178,calabrese_m,1
277,179,four_cheese_l,2
278,180,soppressata_m,1
279,181,spinach_supr_m,1
280,181,four_cheese_l,1
281,181,mexicana_s,1
282,182,ital_cpcllo_l,2
283,182,pep_msh_pep_s,1
284,182,ckn_alfredo_l,1
285,183,peppr_salami_l,1
286,184,bbq_ckn_l,1
287,184,the_greek_m,1
288,185,ital_supr_m,3
289,185,hawaiian_m,2
290,185,prsc_argla_m,1
291,186,bbq_ckn_l,1
292,186,bbq_ckn_l,1
293,187,green_garden_l,1
294,188,napolitana_m,1
295,189,southw_ckn_s,1
296,190,calabrese_l,1
297,190,four_cheese_m,1
298,190,big_meat_m,1
299,191,sicilian_m,1
300,192,ckn_alfredo_m,2
301,192,cali_ckn_m,1
302,192,ital_supr_m,1
303,193,ital_supr_m,1
304,194,sicilian_l,1
305,195,five_cheese_s,1
306,195,veggie_veg_s,1
307,195,calabrese_l,1
308,196,ital_cpcllo_m,2
309,196,four_cheese_l,1
310,196,classic_dlx_l,1
311,197,pepperoni_l,1
312,197,ckn_alfredo_m,1
313,198,bbq_ckn_m,1
314,198,spinach_fet_l,1
315,198,ital_veggie_m,1
316,199,spinach_supr_s,1
317,199,pepperoni_m,1
318,200,thai_ckn_m,1
319,201,southw_ckn_l,1
320,201,classic_dlx_m,2
321,202,ital_supr_l,2
322,202,spinach_supr_l,1
323,202,soppressata_l,1
324,203,hawaiian_s,2
325,204,spinach_fet_m,2
326,205,five_cheese_m,1
327,206,peppr_salami_s,1
328,207,sicilian_s,1
329,208,pepperoni_m,1
330,208,classic_dlx_m,1
331,209,napolitana_m,1
332,210,five_cheese_l,1
333,210,bbq_ckn_m,1
334,211,ckn_pesto_l,1
335,211,cali_ckn_m,3
336,211,cali_ckn_s,1
337,212,ital_veggie_l,2
338,212,spinach_supr_m,3
339,212,the_greek_l,1
340,213,ckn_pesto_s,1
341,213,brie_carre_s,1
342,213,the_greek_l,1
343,214,thai_ckn_m,1
344,214,pepperoni_l,1
345,214,pep_msh_pep_l,1
346,215,sicilian_m,2
347,216,sicilian_l,1
348,216,cali_ckn_m,2
349,217,pep_msh_pep_s,1
350,217,sicilian_m,1
351,218,calabrese_m,1
352,219,ital_veggie_l,1
353,220,soppressata_l,1
354,220,thai_ckn_s,3
355,221,ckn_alfredo_s,2
356,221,soppressata_s,1
357,221,bbq_ckn_m,1
358,222,prsc_argla_m,1
359,223,spin_pesto_l,2
360,224,peppr_salami_l,1
361,225,pep_msh_pep_m,1
362,225,soppressata_m,1
363,226,the_greek_m,2
364,227,ital_supr_l,1
365,228,spin_pesto_l,1
366,228,pep_msh_pep_m,1
367,229,spinach_fet_m,3
368,230,mexicana_l,2
369,231,thai_ckn_l,2
370,232,ckn_alfredo_s,1
371,232,ckn_pesto_m,1
372,233,bbq_ckn_m,1
373,233,ckn_alfredo_l,1
374,233,spicy_ital_m,1
375,234,ckn_alfredo_s,1
376,235,ital_cpcllo_s,1
377,235,ital_veggie_m,1
378,236,bbq_ckn_m,1
379,236,green_garden_m,1
380,237,hawaiian_m,1
381,238,ckn_pesto_l,1
382,238,spinach_supr_s,1
383,239,sicilian_l,1
384,240,mediterraneo_l,1
385,241,five_cheese_m,1
386,242,green_garden_s,1
387,243,hawaiian_m,1
388,244,thai_ckn_m,1
389,244,five_cheese_m,1
390,245,green_garden_m,1
391,245,veggie_veg_l,1
392,245,pepperoni_m,1
393,246,pep_msh_pep_s,1
394,246,four_cheese_m,1
395,247,ital_cpcllo_l,2
396,247,spin_pesto_m,3
397,248,mediterraneo_s,1
398,249,pepperoni_l,1
399,250,five_cheese_m,1
400,250,five_cheese_l,1
401,250,ckn_pesto_m,1
402,251,mexicana_m,1
403,252,calabrese_m,1
404,253,green_garden_l,2
405,254,ital_cpcllo_m,1
406,254,mexicana_m,1
407,255,pep_msh_pep_m,1
408,255,bbq_ckn_m,1
409,255,mexicana_l,3
410,256,ckn_alfredo_l,1
411,257,ital_cpcllo_m,2
412,257,spinach_fet_m,2
413,258,spinach_fet_m,1
414,259,peppr_salami_l,1
415,260,sicilian_l,2
416,260,pepperoni_l,1
417,260,hawaiian_m,1
418,261,ital_cpcllo_m,1
419,261,spicy_ital_m,2
420,262,five_cheese_m,1
421,262,four_cheese_l,1
422,262,four_cheese_m,1
423,263,ckn_alfredo_l,1
424,264,brie_carre_s,1
425,265,cali_ckn_l,1
426,265,ital_supr_l,1
427,266,pepperoni_l,2
428,267,mexicana_s,1
429,268,napolitana_m,3
430,268,ckn_pesto_l,2
431,269,southw_ckn_m,2
432,270,five_cheese_l,1
433,271,sicilian_m,1
434,272,ckn_pesto_m,1
435,272,ckn_alfredo_m,2
436,273,spinach_supr_m,1
437,273,ckn_alfredo_m,2
438,273,green_garden_l,1
439,274,spinach_supr_m,2
440,275,ckn_alfredo_m,1
441,276,ckn_alfredo_m,1
442,276,veggie_veg_m,2
443,277,pep_msh_pep_s,1
444,277,napolitana_l,1
445,278,green_garden_m,3
446,279,spinach_fet_s,1
447,279,veggie_veg_m,1
448,279,five_cheese_l,1
449,280,pep_msh_pep_m,1
450,281,ckn_alfredo_m,1
451,282,four_cheese_m,1
452,282,peppr_salami_m,2
453,283,pepperoni_m,1
454,283,mexicana_l,1
455,283,ckn_pesto_m,2
456,284,brie_carre_s,1
457,284,bbq_ckn_m,1
458,285,the_greek_m,2
459,286,cali_ckn_m,1
460,287,ckn_pesto_l,1
461,288,ckn_pesto_l,1
462,288,soppressata_m,2
463,289,five_cheese_m,1
464,290,prsc_argla_s,1
465,290,spinach_fet_l,1
466,291,pep_msh_pep_s,3
467,292,hawaiian_m,1
468,292,mediterraneo_m,1
469,293,big_meat_m,1
470,294,spinach_fet_l,2
471,294,bbq_ckn_m,3
472,295,spinach_fet_l,2
473,295,cali_ckn_m,1
474,296,mexicana_m,1
475,296,ital_supr_s,1
476,297,veggie_veg_l,2
477,297,ckn_alfredo_m,2
478,298,peppr_salami_s,2
479,299,spinach_fet_l,1
480,299,calabrese_l,1
481,300,sicilian_l,1
482,301,spinach_supr_s,1
483,301,the_greek_s,1
484,302,sicilian_m,2
485,302,prsc_argla_s,1
486,303,mexicana_m,1
487,304,cali_ckn_m,1
488,304,hawaiian_m,2
489,304,spinach_fet_m,1
490,305,mexicana_s,1
491,306,the_greek_s,1
492,307,sicilian_m,1
493,307,hawaiian_s,2
494,307,thai_ckn_m,1
495,308,the_greek_m,2
496,309,napolitana_m,1
497,310,prsc_argla_s,1
498,310,ckn_alfredo_m,2
499,311,veggie_veg_s,1
500,312,veggie_veg_m,3
501,312,spinach_supr_s,1
502,313,ital_supr_m,1
503,313,hawaiian_l,1
504,314,green_garden_m,2
505,314,spicy_ital_m,2
506,315,thai_ckn_s,1
507,315,mexicana_l,1
508,315,green_garden_l,2
509,316,spinach_fet_m,1
510,317,five_cheese_s,1
511,317,sicilian_s,2
512,318,pepperoni_m,1
513,319,spin_pesto_m,1
514,319,mediterraneo_m,1
515,320,cali_ckn_m,1
516,321,bbq_ckn_m,1
517,321,pep_msh_pep_m,1
518,322,green_garden_m,1
519,322,veggie_veg_m,2
520,322,southw_ckn_m,1
521,323,prsc_argla_m,1
522,324,pep_msh_pep_m,1
523,324,spinach_fet_l,1
524,325,ital_veggie_m,1
525,325,ital_veggie_m,2
526,326,the_greek_m,1
527,327,pepperoni_m,1
528,327,classic_dlx_l,1
529,327,cali_ckn_m,1
530,328,mediterraneo_m,2
531,328,green_garden_m,1
532,329,veggie_veg_l,2
533,329,veggie_veg_l,1
534,330,peppr_salami_s,2
535,330,four_cheese_m,1
536,331,spinach_fet_s,1
537,331,ital_veggie_l,1
538,331,classic_dlx_m,1
539,332,pepperoni_l,1
540,333,southw_ckn_m,1
541,334,spinach_fet_m,3
542,334,prsc_argla_l,1
543,335,big_meat_l,1
544,336,spicy_ital_m,1
545,336,sicilian_m,1
546,337,napolitana_m,1
547,338,ckn_pesto_m,1
548,338,spicy_ital_m,1
549,339,calabrese_l,1
550,340,four_cheese_m,1
551,341,calabrese_l,1
552,341,ital_veggie_l,1
553,342,ital_supr_l,1
554,343,peppr_salami_m,2
555,344,mediterraneo_l,3
556,344,pepperoni_s,1
557,345,southw_ckn_m,1
558,345,bbq_ckn_l,2
559,346,five_cheese_l,1
560,346,sicilian_m,1
561,346,spinach_supr_m,1
562,347,big_meat_m,1
563,347,southw_ckn_m,1
564,348,bbq_ckn_m,1
565,348,napolitana_m,1
566,349,prsc_argla_m,1
567,350,pep_msh_pep_l,1
568,350,pepperoni_l,3
569,350,mexicana_m,1
570,351,napolitana_m,1
571,352,calabrese_m,1
572,353,four_cheese_m,2
573,354,pep_msh_pep_l,1
574,355,sicilian_m,1
575,355,mediterraneo_m,2
576,355,spinach_fet_m,1
577,356,southw_ckn_m,1
578,356,spin_pesto_m,2
579,357,brie_carre_s,2
580,358,classic_dlx_m,1
581,358,the_greek_m,1
582,359,veggie_veg_m,3
583,359,brie_carre_s,1
584,360,ital_cpcllo_m,1
585,360,sicilian_l,1
586,361,classic_dlx_s,1
587,362,ckn_alfredo_m,1
588,362,southw_ckn_m,1
589,362,southw_ckn_s,1
590,363,southw_ckn_m,1
591,363,southw_ckn_m,1
592,363,soppressata_s,1
593,364,thai_ckn_m,1
594,364,napolitana_s,1
595,365,mexicana_m,1
596,366,the_greek_l,2
597,366,spicy_ital_s,1
598,367,thai_ckn_m,2
599,368,thai_ckn_l,2
600,369,cali_ckn_s,1
601,370,thai_ckn_m,1
602,370,hawaiian_s,1
603,371,thai_ckn_m,1
604,371,ckn_alfredo_l,1
605,372,ckn_pesto_l,1
606,373,the_greek_m,1
607,373,big_meat_m,1
608,374,napolitana_l,3
609,375,calabrese_m,1
610,375,spicy_ital_l,1
611,376,cali_ckn_s,1
612,377,four_cheese_l,1
613,378,sicilian_m,1
614,378,ckn_alfredo_m,2
615,379,mediterraneo_m,1
616,379,spin_pesto_m,1
617,379,cali_ckn_l,2
618,380,hawaiian_s,1
619,381,green_garden_m,1
620,382,five_cheese_m,1
621,383,thai_ckn_m,1
622,384,big_meat_m,2
623,385,napolitana_l,1
624,385,the_greek_xl,1
625,385,sicilian_m,1
626,386,napolitana_l,1
627,387,the_greek_m,1
628,388,five_cheese_m,1
629,388,bbq_ckn_l,1
630,389,classic_dlx_m,2
631,390,spinach_supr_m,1
632,391,mexicana_m,1
633,392,calabrese_m,1
634,392,ital_supr_m,2
635,393,ckn_pesto_m,2
636,394,pepperoni_l,1
637,395,ital_supr_m,1
638,396,classic_dlx_s,2
639,396,classic_dlx_l,1
640,397,pep_msh_pep_m,1
641,397,bbq_ckn_m,2
642,398,ital_cpcllo_m,2
643,398,big_meat_m,1
644,398,ital_cpcllo_m,3
645,399,ckn_pesto_l,2
646,400,mexicana_m,1
647,401,prsc_argla_m,1
648,401,spicy_ital_m,1
649,402,four_cheese_m,1
650,403,calabrese_s,1
651,403,ckn_alfredo_l,1
652,404,ital_supr_m,2
653,404,prsc_argla_m,1
654,404,five_cheese_m,1
655,405,pepperoni_l,1
656,405,southw_ckn_s,1
657,406,hawaiian_m,1
658,406,napolitana_l,1
659,407,soppressata_m,3
660,407,peppr_salami_m,1
661,408,napolitana_m,1
662,408,veggie_veg_m,1
663,409,prsc_argla_l,1
664,410,big_meat_l,3
665,410,ckn_pesto_m,1
666,411,southw_ckn_l,1
667,411,classic_dlx_m,1
668,412,southw_ckn_l,1
669,413,thai_ckn_m,1
670,414,hawaiian_m,1
671,414,thai_ckn_m,1
672,415,mexicana_m,2
673,415,ckn_alfredo_m,3
674,416,ital_supr_s,1
675,417,pepperoni_m,1
676,417,veggie_veg_m,1
677,418,ckn_pesto_m,1
678,419,pep_msh_pep_l,1
679,419,spinach_fet_l,1
680,420,mediterraneo_m,2
681,421,green_garden_m,1
682,422,classic_dlx_m,1
683,422,thai_ckn_m,1
684,423,spicy_ital_s,2
685,423,spin_pesto_m,1
686,424,peppr_salami_s,1
687,424,peppr_salami_l,1
688,425,hawaiian_s,2
689,425,four_cheese_m,1
690,425,thai_ckn_m,2
691,426,ital_cpcllo_m,2
692,426,pepperoni_m,1
693,427,calabrese_m,1
694,428,classic_dlx_s,1
695,428,ckn_pesto_l,1
696,428,sicilian_s,1
697,429,hawaiian_m,2
698,430,prsc_argla_s,2
699,430,southw_ckn_l,1
700,431,the_greek_xl,1
701,431,ital_supr_m,1
702,432,cali_ckn_m,1
703,433,ital_cpcllo_l,3
704,433,southw_ckn_m,1
705,433,cali_ckn_l,2
706,434,veggie_veg_m,1
707,435,ital_cpcllo_m,1
708,435,green_garden_m,2
709,436,classic_dlx_m,1
710,437,spicy_ital_m,1
711,437,five_cheese_l,2
712,437,prsc_argla_m,1
713,438,the_greek_l,1
714,439,pepperoni_m,1
715,439,napolitana_m,2
716,440,spin_pesto_m,2
717,441,ital_veggie_s,1
718,441,spinach_fet_l,1
719,441,southw_ckn_s,1
720,442,five_cheese_m,1
721,442,spin_pesto_l,1
722,442,thai_ckn_m,1
723,443,cali_ckn_l,1
724,443,five_cheese_m,1
725,444,peppr_salami_l,1
726,445,ital_veggie_m,1
727,445,southw_ckn_m,1
728,445,four_cheese_l,3
729,446,big_meat_s,1
730,447,thai_ckn_s,1
731,447,thai_ckn_s,2
732,448,green_garden_m,1
733,448,soppressata_l,2
734,448,calabrese_l,1
735,449,napolitana_m,1
736,450,mediterraneo_l,1
737,451,pep_msh_pep_l,1
738,452,green_garden_m,1
739,452,pepperoni_l,1
740,453,pep_msh_pep_m,1
741,454,the_greek_m,1
742,454,hawaiian_m,1
743,455,five_cheese_m,1
744,455,calabrese_m,1
745,456,big_meat_l,1
746,457,mexicana_m,1
747,458,pep_msh_pep_m,1
748,458,ital_supr_l,1
749,458,mexicana_l,2
750,459,sicilian_m,1
751,459,ckn_pesto_l,3
752,460,spin_pesto_l,2
753,460,sicilian_m,1
754,461,ital_cpcllo_l,2
755,461,southw_ckn_m,1
756,462,four_cheese_l,1
757,462,sicilian_m,1
758,463,ital_supr_m,1
759,464,mexicana_m,1
760,465,four_cheese_m,1
761,465,southw_ckn_m,1
762,466,hawaiian_l,1
763,467,classic_dlx_m,1
764,467,five_cheese_m,1
765,467,bbq_ckn_l,1
766,468,peppr_salami_m,1
767,469,four_cheese_s,2
768,469,mediterraneo_l,1
769,470,ital_cpcllo_l,1
770,470,green_garden_l,1
771,471,ckn_pesto_m,1
772,471,ital_veggie_m,2
773,471,southw_ckn_s,1
774,472,pep_msh_pep_l,1
775,472,four_cheese_l,1
776,473,southw_ckn_m,1
777,473,big_meat_l,1
778,473,spinach_supr_l,2
779,474,spinach_supr_l,1
780,474,soppressata_s,1
781,475,spicy_ital_l,1
782,475,ital_supr_m,1
783,475,classic_dlx_m,2
784,476,napolitana_s,2
785,477,thai_ckn_m,2
786,478,mexicana_l,2
787,478,prsc_argla_s,1
788,478,pepperoni_s,1
789,479,the_greek_m,2
790,480,spinach_fet_s,1
791,480,southw_ckn_l,1
792,480,prsc_argla_m,1
793,481,calabrese_m,1
794,482,sicilian_s,1
795,482,bbq_ckn_m,1
796,483,mediterraneo_m,1
797,483,spin_pesto_m,1
798,484,peppr_salami_m,1
799,484,spinach_supr_s,1
800,485,spin_pesto_m,1
801,486,spinach_supr_m,1
802,487,southw_ckn_l,1
803,487,peppr_salami_l,3
804,488,prsc_argla_l,1
805,489,pepperoni_m,1
806,489,five_cheese_m,1
807,490,spin_pesto_l,1
808,490,spin_pesto_m,3
809,491,pepperoni_l,2
810,491,ckn_pesto_m,1
811,492,veggie_veg_m,2
812,493,ital_veggie_m,1
813,494,southw_ckn_s,2
814,494,spin_pesto_m,1
815,495,mediterraneo_m,2
816,495,calabrese_l,2
817,496,prsc_argla_m,1
818,496,pep_msh_pep_l,1
819,497,cali_ckn_m,1
820,498,ital_cpcllo_l,2
821,498,green_garden_s,1
822,499,bbq_ckn_s,1
823,499,ital_cpcllo_l,1
824,500,pep_msh_pep_l,1
825,501,ital_supr_m,2
826,501,spin_pesto_m,1
827,502,napolitana_s,1
828,502,napolitana_s,3
829,503,five_cheese_m,2
830,504,pepperoni_l,1
831,505,big_meat_m,2
832,506,the_greek_s,1
833,506,southw_ckn_m,1
834,506,thai_ckn_m,2
835,507,calabrese_s,1
836,507,pepperoni_m,1
837,508,spin_pesto_s,1
838,508,napolitana_l,1
839,509,peppr_salami_l,1
840,509,sicilian_l,1
841,509,bbq_ckn_m,1
842,510,soppressata_l,1
843,510,thai_ckn_m,1
844,511,spinach_fet_m,1
845,512,southw_ckn_m,1
846,512,pepperoni_m,1
847,512,ckn_alfredo_m,1
848,513,veggie_veg_l,1
849,513,calabrese_m,2
850,514,prsc_argla_m,3
851,515,ckn_alfredo_s,1
852,516,five_cheese_m,1
853,517,big_meat_m,1
854,517,mexicana_m,1
855,518,big_meat_m,1
856,519,thai_ckn_l,1
857,519,bbq_ckn_l,1
858,520,the_greek_l,1
859,520,peppr_salami_m,1
860,521,cali_ckn_l,1
861,522,four_cheese_m,1
862,523,the_greek_s,1
863,523,ital_supr_s,2
864,524,pepperoni_l,1
865,524,pepperoni_s,1
866,524,peppr_salami_m,1
867,525,southw_ckn_l,1
868,525,thai_ckn_m,1
869,526,mediterraneo_s,1
870,526,spinach_fet_s,1
871,527,pep_msh_pep_s,1
872,527,classic_dlx_l,1
873,528,soppressata_m,1
874,529,pepperoni_m,1
875,529,bbq_ckn_m,1
876,530,southw_ckn_l,1
877,531,spinach_supr_l,1
878,532,soppressata_l,1
879,533,bbq_ckn_m,1
880,533,big_meat_m,1
881,533,big_meat_l,1
882,534,spicy_ital_m,1
883,535,bbq_ckn_m,2
884,536,ckn_pesto_m,1
885,536,four_cheese_l,2
886,537,thai_ckn_m,1
887,538,soppressata_m,1
888,538,classic_dlx_s,1
889,538,ckn_pesto_s,2
890,539,classic_dlx_m,2
891,539,spinach_supr_l,1
892,539,ital_veggie_l,1
893,540,ital_veggie_s,2
894,540,pep_msh_pep_l,1
895,540,spicy_ital_s,1
896,541,big_meat_m,2
897,542,hawaiian_m,1
898,542,mexicana_m,2
899,543,bbq_ckn_m,1
900,544,ckn_alfredo_m,2
901,545,big_meat_m,1
902,546,bbq_ckn_m,2
903,546,thai_ckn_m,1
904,546,prsc_argla_s,1
905,547,pepperoni_m,1
906,547,mexicana_m,1
907,548,green_garden_m,1
908,548,ital_cpcllo_l,1
909,549,classic_dlx_m,2
910,550,pep_msh_pep_m,1
911,551,prsc_argla_m,3
912,552,classic_dlx_l,1
913,553,sicilian_m,1
914,554,pepperoni_m,1
915,554,ital_supr_l,1
916,555,pepperoni_l,1
917,556,hawaiian_m,1
918,556,spinach_fet_m,2
919,556,four_cheese_s,1
920,557,southw_ckn_m,1
921,557,mediterraneo_m,2
922,558,the_greek_xxl,2
923,559,mexicana_m,1
924,559,four_cheese_l,1
925,560,pepperoni_m,1
926,561,bbq_ckn_m,1
927,561,classic_dlx_l,1
928,561,ital_supr_m,1
929,562,sicilian_l,1
930,563,classic_dlx_m,1
931,563,southw_ckn_m,1
932,563,ital_veggie_m,1
933,564,veggie_veg_m,1
934,565,ital_supr_s,1
935,565,thai_ckn_m,1
936,566,classic_dlx_l,1
937,567,bbq_ckn_m,2
938,567,spin_pesto_s,1
939,568,ckn_pesto_l,1
940,569,peppr_salami_l,1
941,569,classic_dlx_l,1
942,570,peppr_salami_s,1
943,570,soppressata_m,3
944,571,ital_veggie_s,1
945,572,big_meat_m,2
946,572,bbq_ckn_m,1
947,573,southw_ckn_m,1
948,574,mexicana_m,3
949,575,mediterraneo_m,1
950,575,prsc_argla_m,2
951,575,prsc_argla_l,1
952,576,soppressata_l,1
953,576,thai_ckn_m,2
954,577,spin_pesto_s,1
955,578,pepperoni_m,1
956,579,pep_msh_pep_m,1
957,579,calabrese_l,1
958,580,cali_ckn_m,2
959,580,thai_ckn_s,2
960,580,five_cheese_m,1
961,581,ckn_alfredo_m,1
962,581,prsc_argla_l,1
963,582,classic_dlx_m,1
964,582,pep_msh_pep_m,1
965,582,hawaiian_m,1
966,583,napolitana_m,1
967,583,spinach_supr_l,1
968,584,hawaiian_m,1
969,585,peppr_salami_m,1
970,585,the_greek_l,1
971,585,soppressata_l,2
972,586,spin_pesto_l,3
973,586,five_cheese_m,1
974,587,big_meat_m,1
975,587,bbq_ckn_l,2
976,588,classic_dlx_m,1
977,589,prsc_argla_m,1
978,589,cali_ckn_m,1
979,590,calabrese_s,1
980,590,prsc_argla_m,1
981,591,ital_cpcllo_l,2
982,592,four_cheese_m,1
983,592,ckn_pesto_m,2
984,592,ckn_alfredo_m,2
985,593,five_cheese_s,1
986,593,calabrese_s,2
987,594,spicy_ital_l,1
988,594,pepperoni_l,1
989,595,classic_dlx_m,2
990,595,green_garden_l,1
991,596,four_cheese_l,1
992,596,spicy_ital_l,2
993,597,classic_dlx_l,1
994,598,prsc_argla_m,1
995,599,napolitana_m,1
996,600,ckn_alfredo_l,1
997,601,spin_pesto_s,1
998,601,southw_ckn_m,1
999,602,spinach_fet_m,1
1000,602,pepperoni_l,1
1001,603,thai_ckn_m,1
1002,603,ital_supr_m,2
1003,604,mediterraneo_m,1
1004,604,five_cheese_m,2
1005,605,green_garden_m,1
1006,605,soppressata_l,2
1007,606,spicy_ital_l,1
1008,607,ital_veggie_l,1
1009,607,classic_dlx_m,2
1010,608,the_greek_xxl,1
1011,609,big_meat_m,1
1012,609,veggie_veg_m,2
1013,610,spinach_fet_s,1
1014,610,cali_ckn_s,1
1015,611,spinach_supr_m,1
1016,611,spin_pesto_m,1
1017,612,thai_ckn_m,1
1018,613,peppr_salami_m,1
1019,614,spin_pesto_s,1
1020,615,bbq_ckn_l,1
1021,615,spinach_supr_s,1
1022,616,hawaiian_m,3
1023,617,spin_pesto_m,3
1024,618,spinach_fet_l,1
1025,619,spinach_fet_s,1
1026,620,the_greek_l,1
1027,621,mediterraneo_m,1
1028,622,ital_veggie_m,1
1029,622,ital_cpcllo_m,1
1030,623,ital_veggie_s,1
1031,623,bbq_ckn_l,1
1032,624,prsc_argla_m,1
1033,624,big_meat_l,1
1034,625,ckn_pesto_l,1
1035,626,ckn_alfredo_m,2
1036,627,spinach_supr_s,1
1037,628,ital_cpcllo_l,3
1038,629,five_cheese_s,1
1039,629,cali_ckn_l,3
1040,630,ital_cpcllo_s,3
1041,631,ital_supr_m,1
1042,632,four_cheese_l,1
1043,633,ital_cpcllo_s,1
1044,634,sicilian_m,2
1045,634,mexicana_s,1
1046,634,sicilian_m,1
1047,635,big_meat_l,1
1048,635,bbq_ckn_m,1
1049,636,mediterraneo_m,1
1050,637,bbq_ckn_m,1
1051,638,mediterraneo_m,3
1052,638,ital_supr_m,1
1053,639,spin_pesto_l,1
1054,640,four_cheese_l,1
1055,640,veggie_veg_l,1
1056,641,napolitana_m,3
1057,642,four_cheese_m,1
1058,642,pepperoni_s,1
1059,643,the_greek_l,2
1060,644,sicilian_m,1
1061,645,mediterraneo_m,1
1062,645,veggie_veg_m,3
1063,646,four_cheese_m,1
1064,646,pepperoni_m,1
1065,647,pepperoni_m,1
1066,648,five_cheese_m,1
1067,649,classic_dlx_s,1
1068,650,ckn_pesto_m,1
1069,650,napolitana_m,2
1070,651,hawaiian_m,1
1071,651,hawaiian_m,1
1072,652,big_meat_l,1
1073,652,cali_ckn_s,1
1074,653,bbq_ckn_m,1
1075,653,veggie_veg_m,1
1076,654,pepperoni_m,1
1077,655,pep_msh_pep_m,1
1078,655,spicy_ital_m,1
1079,656,big_meat_m,1
1080,656,spinach_fet_m,2
1081,656,four_cheese_m,1
1082,657,ckn_alfredo_l,1
1083,657,pepperoni_m,2
1084,658,mediterraneo_l,1
1085,658,spinach_fet_s,2
1086,659,the_greek_m,1
1087,659,sicilian_s,2
1088,660,thai_ckn_m,1
1089,660,veggie_veg_l,1
1090,661,big_meat_l,1
1091,662,spin_pesto_l,2
1092,662,soppressata_m,1
1093,662,prsc_argla_l,1
1094,663,calabrese_m,1
1095,663,big_meat_l,1
1096,664,thai_ckn_m,1
1097,665,big_meat_m,1
1098,666,thai_ckn_m,2
1099,667,four_cheese_m,1
1100,668,napolitana_m,1
1101,669,cali_ckn_l,1
1102,670,spinach_fet_l,1
1103,671,mediterraneo_l,1
1104,671,spin_pesto_m,1
1105,672,veggie_veg_l,1
1106,673,thai_ckn_m,2
1107,674,pep_msh_pep_l,2
1108,674,five_cheese_l,2
1109,675,spinach_supr_s,1
1110,676,southw_ckn_l,1
1111,677,green_garden_m,2
1112,677,big_meat_m,2
1113,677,big_meat_m,1
1114,678,ital_supr_m,1
1115,678,prsc_argla_m,1
1116,679,peppr_salami_l,1
1117,679,ckn_alfredo_l,1
1118,680,mediterraneo_l,1
1119,680,classic_dlx_m,1
1120,681,southw_ckn_m,1
1121,682,mexicana_s,1
1122,682,spinach_fet_m,2
1123,683,mediterraneo_m,1
1124,683,green_garden_m,1
1125,684,soppressata_m,1
1126,684,ital_supr_l,1
1127,685,ckn_alfredo_l,1
1128,685,pepperoni_m,1
1129,686,pep_msh_pep_s,1
1130,686,classic_dlx_m,1
1131,687,spinach_supr_l,1
1132,687,calabrese_s,1
1133,688,ckn_alfredo_m,2
1134,688,big_meat_m,1
1135,688,spicy_ital_m,3
1136,689,ckn_alfredo_m,1
1137,689,ital_veggie_l,1
1138,690,brie_carre_s,1
1139,690,the_greek_l,1
1140,691,prsc_argla_m,1
1141,691,green_garden_l,1
1142,692,napolitana_m,1
1143,692,spicy_ital_m,1
1144,693,peppr_salami_m,1
1145,693,classic_dlx_l,1
1146,693,mediterraneo_l,1
1147,694,four_cheese_l,1
1148,695,soppressata_l,1
1149,695,ital_veggie_l,3
1150,695,mediterraneo_m,1
1151,696,spinach_supr_m,2
1152,697,ital_veggie_m,2
1153,697,spinach_supr_s,2
1154,697,spicy_ital_m,1
1155,698,sicilian_m,1
1156,698,five_cheese_l,1
1157,699,southw_ckn_l,1
1158,700,mediterraneo_l,2
1159,701,mediterraneo_m,1
1160,702,bbq_ckn_l,1
1161,703,green_garden_l,1
1162,703,southw_ckn_m,1
1163,704,ital_cpcllo_l,1
1164,705,five_cheese_m,2
1165,706,southw_ckn_l,2
1166,706,green_garden_m,1
1167,707,ital_veggie_s,1
1168,707,calabrese_m,2
1169,708,bbq_ckn_m,2
1170,709,hawaiian_m,1
1171,709,sicilian_m,2
1172,709,veggie_veg_m,1
1173,710,sicilian_l,1
1174,710,classic_dlx_m,2
1175,710,sicilian_l,1
1176,711,ital_supr_m,2
1177,711,four_cheese_m,1
1178,712,ckn_pesto_m,1
1179,712,five_cheese_l,1
1180,713,ital_supr_m,1
1181,714,spinach_fet_l,1
1182,715,ital_cpcllo_l,1
1183,716,sicilian_l,3
1184,716,spin_pesto_m,2
1185,716,ckn_pesto_m,1
1186,717,spin_pesto_l,1
1187,718,spicy_ital_l,1
1188,718,ckn_alfredo_s,1
1189,719,hawaiian_m,1
1190,720,spinach_supr_m,1
1191,720,ckn_alfredo_s,1
1192,721,prsc_argla_s,1
1193,722,napolitana_s,1
1194,722,sicilian_m,1
1195,723,cali_ckn_m,1
1196,724,mediterraneo_m,3
1197,724,veggie_veg_s,1
1198,725,spinach_fet_l,1
1199,726,five_cheese_m,1
1200,727,southw_ckn_m,1
1201,727,five_cheese_l,1
1202,728,bbq_ckn_m,1
1203,729,bbq_ckn_m,1
1204,730,ital_cpcllo_m,1
1205,730,the_greek_xxl,1
1206,731,four_cheese_m,2
1207,731,spicy_ital_m,1
1208,732,pepperoni_l,2
1209,733,classic_dlx_l,1
1210,734,veggie_veg_l,1
1211,735,pepperoni_m,1
1212,736,pepperoni_l,1
1213,737,thai_ckn_s,2
1214,738,four_cheese_l,1
1215,739,spicy_ital_l,1
1216,739,big_meat_m,1
1217,740,ckn_alfredo_m,1
1218,741,spicy_ital_m,1
1219,742,soppressata_m,1
1220,742,classic_dlx_l,1
1221,743,spinach_fet_m,1
1222,743,southw_ckn_m,1
1223,743,pepperoni_l,1
1224,744,spinach_fet_s,1
1225,744,pepperoni_m,1
1226,744,soppressata_s,1
1227,745,pep_msh_pep_l,1
1228,746,classic_dlx_l,1
1229,747,veggie_veg_m,1
1230,747,pepperoni_m,1
1231,747,mexicana_m,1
1232,748,big_meat_l,1
1233,748,big_meat_m,1
1234,748,bbq_ckn_l,1
1235,749,soppressata_m,1
1236,749,napolitana_l,3
1237,749,mediterraneo_m,1
1238,750,the_greek_l,2
1239,750,spinach_fet_l,1
1240,751,thai_ckn_m,1
1241,751,mediterraneo_m,1
1242,752,four_cheese_m,1
1243,752,four_cheese_m,1
1244,752,ital_veggie_m,1
1245,753,five_cheese_l,1
1246,753,sicilian_m,1
1247,753,southw_ckn_m,1
1248,754,bbq_ckn_l,1
1249,755,spin_pesto_m,1
1250,756,sicilian_m,3
1251,756,four_cheese_l,1
1252,756,the_greek_xl,1
1253,757,ckn_pesto_l,1
1254,758,southw_ckn_s,3
1255,758,spicy_ital_m,2
1256,758,pepperoni_l,2
1257,759,big_meat_s,1
1258,760,brie_carre_s,1
1259,761,cali_ckn_l,1
1260,761,prsc_argla_s,1
1261,762,classic_dlx_l,1
1262,762,four_cheese_l,1
1263,762,hawaiian_l,1
1264,763,the_greek_s,1
1265,764,bbq_ckn_m,1
1266,764,ckn_alfredo_m,1
1267,765,pep_msh_pep_l,1
1268,765,the_greek_l,1
1269,766,prsc_argla_l,1
1270,767,hawaiian_m,2
1271,767,spicy_ital_l,2
1272,768,mediterraneo_s,2
1273,769,four_cheese_m,1
1274,769,cali_ckn_s,1
1275,770,the_greek_l,1
1276,771,ckn_pesto_m,1
1277,771,classic_dlx_s,1
1278,772,veggie_veg_m,1
1279,772,southw_ckn_m,1
1280,773,calabrese_s,3
1281,774,sicilian_m,1
1282,774,spinach_supr_m,1
1283,774,peppr_salami_m,2
1284,775,bbq_ckn_m,1
1285,775,ital_cpcllo_m,1
1286,776,calabrese_l,1
1287,777,ckn_alfredo_l,3
1288,778,napolitana_m,1
1289,778,bbq_ckn_l,1
1290,779,ckn_alfredo_m,1
1291,779,pep_msh_pep_l,1
1292,780,southw_ckn_m,2
1293,781,peppr_salami_m,2
1294,782,spicy_ital_l,1
1295,783,green_garden_s,1
1296,784,big_meat_s,1
1297,785,thai_ckn_m,1
1298,786,ckn_pesto_m,2
1299,786,sicilian_l,3
1300,786,spinach_supr_m,1
1301,787,bbq_ckn_l,1
1302,787,spin_pesto_l,1
1303,788,cali_ckn_m,3
1304,789,ital_supr_m,1
1305,790,spinach_supr_m,2
1306,790,mediterraneo_m,2
1307,791,spinach_supr_m,2
1308,792,green_garden_s,2
1309,792,ital_cpcllo_l,1
1310,793,green_garden_m,2
1311,794,ckn_alfredo_m,1
1312,794,mexicana_m,1
1313,795,ital_supr_l,1
1314,795,green_garden_m,1
1315,796,pepperoni_l,2
1316,797,soppressata_m,1
1317,797,ital_supr_s,1
1318,797,five_cheese_m,3
1319,798,ckn_alfredo_m,1
1320,799,cali_ckn_l,3
1321,799,classic_dlx_m,1
1322,800,southw_ckn_l,2
1323,801,mediterraneo_m,1
1324,801,big_meat_m,1
1325,802,veggie_veg_s,2
1326,803,ital_cpcllo_l,2
1327,803,thai_ckn_m,1
1328,804,four_cheese_m,1
1329,804,soppressata_l,1
1330,805,calabrese_s,1
1331,806,peppr_salami_s,1
1332,806,spinach_supr_l,1
1333,806,big_meat_m,1
1334,807,veggie_veg_l,1
1335,808,veggie_veg_s,2
1336,808,soppressata_m,2
1337,808,thai_ckn_l,1
1338,809,spicy_ital_m,1
1339,810,ckn_alfredo_m,1
1340,810,bbq_ckn_l,1
1341,811,classic_dlx_m,1
1342,812,the_greek_m,1
1343,812,mediterraneo_m,1
1344,813,five_cheese_s,3
1345,813,five_cheese_m,1
1346,814,pepperoni_m,1
1347,815,napolitana_s,1
1348,816,napolitana_l,2
1349,817,veggie_veg_m,1
1350,817,cali_ckn_s,1
1351,817,mediterraneo_m,2
1352,818,peppr_salami_l,1
1353,819,pepperoni_l,3
1354,819,five_cheese_s,1
1355,820,the_greek_xxl,2
1356,821,mediterraneo_m,1
1357,821,mexicana_m,2
1358,821,pepperoni_m,1
1359,822,hawaiian_s,1
1360,823,prsc_argla_m,1
1361,823,mexicana_l,1
1362,824,big_meat_m,1
1363,825,sicilian_m,1
1364,826,sicilian_l,1
1365,826,five_cheese_m,2
1366,827,southw_ckn_m,1
1367,828,spinach_supr_l,1
1368,828,mexicana_l,1
1369,829,thai_ckn_m,1
1370,830,big_meat_l,1
1371,831,spinach_fet_l,1
1372,831,thai_ckn_m,1
1373,832,ital_veggie_l,1
1374,833,brie_carre_s,1
1375,833,classic_dlx_m,1
1376,833,mediterraneo_m,1
1377,834,pepperoni_l,1
1378,834,calabrese_l,1
1379,835,napolitana_m,1
1380,835,prsc_argla_m,1
1381,835,thai_ckn_s,1
1382,836,pep_msh_pep_l,1
1383,836,spinach_fet_l,2
1384,837,classic_dlx_m,2
1385,837,soppressata_m,2
1386,838,ital_cpcllo_m,1
1387,839,four_cheese_m,2
1388,840,southw_ckn_m,1
1389,841,spinach_fet_l,1
1390,842,the_greek_s,1
1391,843,big_meat_l,1
1392,843,ckn_alfredo_m,1
1393,843,thai_ckn_m,1
1394,844,calabrese_l,2
1395,844,ital_cpcllo_l,1
1396,845,ital_veggie_s,2
1397,846,pepperoni_l,1
1398,847,classic_dlx_m,2
1399,847,sicilian_m,1
1400,848,spinach_supr_m,1
1401,849,thai_ckn_m,2
1402,850,thai_ckn_m,1
1403,850,bbq_ckn_l,1
1404,850,five_cheese_m,1
1405,851,soppressata_l,1
1406,852,the_greek_l,1
1407,852,ital_veggie_m,1
1408,853,green_garden_m,1
1409,853,prsc_argla_s,1
1410,854,mediterraneo_m,2
1411,855,big_meat_m,1
1412,856,ckn_pesto_m,1
1413,856,classic_dlx_l,1
1414,857,cali_ckn_m,1
1415,858,ital_supr_m,1
1416,858,spin_pesto_l,1
1417,859,cali_ckn_s,1
1418,860,ckn_pesto_l,2
1419,860,pepperoni_l,1
1420,860,spin_pesto_l,2
1421,861,ital_cpcllo_s,1
1422,861,calabrese_m,1
1423,861,cali_ckn_s,1
1424,862,southw_ckn_m,1
1425,863,veggie_veg_m,2
1426,864,spinach_fet_l,1
1427,864,bbq_ckn_m,2
1428,864,spinach_fet_m,2
1429,865,soppressata_s,1
1430,866,mediterraneo_m,1
1431,866,the_greek_s,1
1432,867,calabrese_l,1
1433,868,the_greek_xxl,2
1434,869,spicy_ital_s,1
1435,869,southw_ckn_m,1
1436,870,bbq_ckn_l,1
1437,870,hawaiian_l,1
1438,871,spinach_supr_m,1
1439,871,big_meat_s,1
1440,872,spicy_ital_m,1
1441,873,spinach_fet_l,1
1442,873,ckn_alfredo_l,2
1443,874,spicy_ital_m,1
1444,874,pepperoni_l,1
1445,875,mediterraneo_m,1
1446,875,thai_ckn_m,2
1447,875,spicy_ital_l,1
1448,876,ital_veggie_m,1
1449,876,spinach_fet_s,1
1450,877,spicy_ital_m,1
1451,878,calabrese_s,1
1452,879,sicilian_m,2
1453,879,mediterraneo_m,1
1454,880,peppr_salami_m,1
1455,881,bbq_ckn_l,1
1456,881,spin_pesto_m,1
1457,881,spicy_ital_l,2
1458,882,spicy_ital_m,3
1459,883,big_meat_m,3
1460,883,soppressata_l,1
1461,884,pep_msh_pep_l,1
1462,885,soppressata_m,1
1463,885,ckn_pesto_m,1
1464,885,soppressata_l,1
1465,886,veggie_veg_l,2
1466,886,cali_ckn_m,1
1467,887,veggie_veg_m,1
1468,887,pepperoni_m,2
1469,887,mediterraneo_m,1
1470,888,four_cheese_m,2
1471,889,peppr_salami_m,1
1472,889,five_cheese_m,1
1473,890,mediterraneo_l,1
1474,891,pepperoni_s,1
1475,891,ital_cpcllo_m,1
1476,892,spicy_ital_s,1
1477,893,green_garden_m,1
1478,893,four_cheese_s,1
1479,893,four_cheese_l,1
1480,894,pepperoni_l,1
1481,894,green_garden_m,2
1482,895,ckn_pesto_l,1
1483,895,ital_supr_l,1
1484,896,bbq_ckn_m,2
1485,897,ital_cpcllo_m,1
1486,897,napolitana_l,1
1487,898,pep_msh_pep_l,1
1488,898,spinach_supr_s,1
1489,898,pep_msh_pep_m,1
1490,899,pepperoni_l,1
1491,900,big_meat_l,1
1492,900,pep_msh_pep_s,1
1493,900,big_meat_m,1
1494,901,ckn_alfredo_m,1
1495,902,prsc_argla_l,2
1496,903,spicy_ital_s,1
1497,903,sicilian_m,2
1498,904,the_greek_m,1
1499,904,pep_msh_pep_m,1
1500,905,mediterraneo_m,1
1501,905,calabrese_l,1
1502,906,the_greek_l,1
1503,907,bbq_ckn_m,1
1504,907,ital_cpcllo_l,2
1505,908,pep_msh_pep_m,2
1506,909,pep_msh_pep_l,1
1507,910,peppr_salami_l,2
1508,911,ital_supr_m,2
1509,912,prsc_argla_l,1
1510,913,four_cheese_s,1
1511,914,green_garden_m,2
1512,915,spinach_supr_l,1
1513,916,spinach_fet_m,1
1514,916,bbq_ckn_m,1
1515,917,thai_ckn_l,1
1516,917,bbq_ckn_m,1
1517,918,soppressata_m,1
1518,919,mexicana_m,1
1519,920,classic_dlx_m,1
1520,921,spin_pesto_m,1
1521,922,cali_ckn_l,1
1522,923,spin_pesto_l,1
1523,923,napolitana_m,3
1524,924,ckn_pesto_m,1
1525,924,the_greek_xxl,1
1526,925,classic_dlx_m,1
1527,926,hawaiian_m,1
1528,926,hawaiian_l,2
1529,927,green_garden_s,1
1530,928,ital_supr_m,1
1531,929,hawaiian_l,1
1532,930,sicilian_s,1
1533,931,spinach_supr_l,1
1534,931,classic_dlx_l,2
1535,932,pepperoni_m,1
1536,933,ckn_pesto_l,1
1537,934,thai_ckn_m,1
1538,935,spicy_ital_m,2
1539,935,thai_ckn_m,2
1540,936,ital_supr_s,1
1541,936,spinach_supr_m,1
1542,937,ckn_pesto_m,1
1543,937,peppr_salami_m,1
1544,938,classic_dlx_m,1
1545,938,spinach_fet_l,2
1546,938,the_greek_xl,1
1547,939,green_garden_m,2
1548,939,ital_supr_l,1
1549,939,cali_ckn_m,2
1550,940,sicilian_l,1
1551,940,spinach_fet_m,1
1552,940,prsc_argla_l,1
1553,941,green_garden_l,2
1554,941,mediterraneo_l,1
1555,942,big_meat_m,3
1556,942,big_meat_m,1
1557,942,sicilian_s,1
1558,943,pepperoni_m,1
1559,943,ital_veggie_m,1
1560,943,mexicana_m,1
1561,944,napolitana_m,1
1562,945,big_meat_l,1
1563,945,four_cheese_m,1
1564,946,classic_dlx_l,1
1565,947,green_garden_l,1
1566,948,pepperoni_m,2
1567,948,spicy_ital_s,1
1568,949,ckn_pesto_s,1
1569,950,sicilian_m,1
1570,950,pepperoni_l,1
1571,950,prsc_argla_m,1
1572,951,thai_ckn_m,2
1573,952,five_cheese_m,3
1574,952,mediterraneo_m,1
1575,953,big_meat_m,2
1576,954,ckn_pesto_s,2
1577,954,bbq_ckn_m,1
1578,954,soppressata_s,2
1579,955,prsc_argla_l,1
1580,955,ital_supr_l,1
1581,956,big_meat_l,1
1582,956,pep_msh_pep_l,1
1583,957,prsc_argla_m,1
1584,958,calabrese_s,1
1585,959,veggie_veg_m,1
1586,959,southw_ckn_m,2
1587,960,spicy_ital_l,1
1588,960,pepperoni_s,1
1589,961,pepperoni_m,1
1590,962,spinach_supr_l,3
1591,962,spicy_ital_l,1
1592,963,veggie_veg_l,1
1593,963,southw_ckn_s,2
1594,964,ckn_pesto_m,1
1595,964,five_cheese_s,1
1596,965,peppr_salami_l,1
1597,965,classic_dlx_l,1
1598,966,ckn_alfredo_m,1
1599,966,ckn_alfredo_m,1
1600,967,mexicana_m,1
1601,967,thai_ckn_l,1
1602,968,ital_cpcllo_m,2
1603,968,big_meat_m,1
1604,969,napolitana_m,1
1605,970,ckn_alfredo_s,1
1606,970,calabrese_l,1
1607,970,ckn_alfredo_s,1
1608,971,green_garden_s,1
1609,971,big_meat_l,1
1610,971,ital_supr_m,1
1611,972,mediterraneo_l,1
1612,972,soppressata_m,2
1613,973,ital_supr_m,1
1614,974,ital_cpcllo_m,1
1615,974,ital_cpcllo_m,1
1616,975,spicy_ital_s,1
1617,976,veggie_veg_l,1
1618,977,soppressata_l,1
1619,978,peppr_salami_m,1
1620,978,five_cheese_m,1
1621,979,the_greek_m,1
1622,980,cali_ckn_l,1
1623,980,peppr_salami_m,2
1624,981,spinach_fet_m,1
1625,981,thai_ckn_m,1
1626,982,spicy_ital_l,2
1627,983,big_meat_s,1
1628,984,ital_supr_m,1
1629,984,ckn_pesto_s,3
1630,985,pepperoni_l,1
1631,985,five_cheese_l,2
1632,985,napolitana_s,2
1633,986,soppressata_l,1
1634,986,four_cheese_l,1
1635,987,spin_pesto_m,1
1636,987,big_meat_l,1
1637,988,pep_msh_pep_l,2
1638,988,southw_ckn_l,1
1639,989,veggie_veg_l,2
1640,990,spin_pesto_m,1
1641,991,ital_supr_m,1
1642,992,ital_veggie_m,2
1643,992,calabrese_l,1
1644,992,sicilian_m,1
1645,993,ckn_alfredo_l,1
1646,994,five_cheese_l,1
1647,994,southw_ckn_s,1
1648,995,green_garden_l,1
1649,995,four_cheese_m,1
1650,996,spinach_supr_m,3
1651,996,bbq_ckn_l,1
1652,997,hawaiian_m,1
1653,997,classic_dlx_m,2
1654,998,napolitana_m,1
1655,998,ckn_alfredo_l,1
1656,999,spin_pesto_l,2
1657,1000,peppr_salami_s,1
